Abschnitt	Stelle	Metapher? 	Fokus	Rahmen	Semantikerweiterung?	Unersetzlich?	sprachlich irregulär?	pointiert?	Stärkegrad (Á, B, C)	Begründung/Kommentar
Schallmeyer S. 1-20										
	Aber das bedeutendste Ereignis war doch die Geburt und der Sieges-	x	Geburt und der Sieges-lauf	der Darwinschen Descendenztheorie.						
	lauf der Darwinschen Descendenztheorie.									
										
	Sie führte nicht nur zu einer Um-	x	Umwälzung	der Anschauung	x	x	x	x	A	
	wälzung der Anschauungen auf den verschiedenen Gebieten der organischen Natur-									
	wissenschaften, denen sie neue Bahnen wies, sondern auch die sogenannten									
	Geisteswissenschaften erhielten durch den Darwinschen Entwicklungs- und									
	Selektionsgedanken überraschendes Licht.									
										
	Erst	nein								
	durch die Verschmelzung der Descendenztheorie mit der Selektionstheorie									
	wurde die Abstammungslehre eine Macht, die trotz des heftigen Widerstandes,									
	den alte Vorurteile und großmächtige Interessen ihr sofort entgegengesetzt									
	haben, unaufhaltsam sich Bahn gebrochen hat und wohl auch den gerade									
	gegenwärtig heftig gewordenen Ansturm dieser Mächte ohne Schaden be-									
	stehen wird.									
										
	Aber zu Heraklits Zeit wurde der Same zu dieser Er-	x	Same	zu dieser Erkenntnis	x	x	x	x	B	
	kenntnis vergeblich ausgestreut.									
										
	Die Naturwissenschaft war nicht entwickelt	x	befruchten zu lassen	Gedanken	x	x	x	x	B	
	genug, um sich von seinen Gedanken befruchten zu lassen und die heutige									
	Entwicklungslehre zu reifen.									
										
	Alle	x	den Pinsel geführt haben	äußeren Lebensbedingungen	x	x	x	x	B	
	diese Tatsachen beweisen,									
	"daß nicht innere Bildungsgesetze, sondern äußere Lebensbedingungen 
den Pinsel geführt haben."									
										
	In der allerneuesten Zeit ist man von der Befehdung der Darwin-	x	zum Krieg	gegen die Abstammungslehre	x	x	x	x	B	
	schen Selektionstheorie offen zum Krieg gegen die Abstammungslehre selbst									
	übergegangen.									
										
	Durch die reichen Forschungsergebnisse der letzten Jahrzehnte über die	nein								
	Vorgänge bei der Reifung der Keimzellen und bei der Befruchtung ist das									
	Dunkel, das bisher über die Tatsachen der Vererbung und der Variation									
	lag, beträchtlich gelichtet worden.									
										
S. 21-40										
	Das wurde in unzweifelhafter Weise zuerst	nein								
	1888 und dann ausführlicher 1896 von R. Hert-									
	wig nachgewiesen, und in den letzten Jahren sind									
	verschiedenen Forschern (T. H. Morgan, J. Loeb,									
	H. E. Ziegler, H. Winkler, E. B. Wilson u. a.)									
	noch weitere Entdeckungen auf dem Gebiete der									
	künstlichen Parthenogenese geglückt.									
										
	Im Frühjahr 1875 machte Oskar Hertwig unter Häckel's Augen	nein								
	in Ajaccio seine Entdeckungen über den Befruchtungsvorgang bei den See-									
	igeln, die, wie Bölsche 2) bemerkt, bis in ferne Zeiten einen Wendepunkt in									
	der Geschichte unserer Kenntnis vom geschlechtlichen Zeugungsakt, einem der									
	tiefsten Mysterien der Natur, bilden werden.									
										
	Natürlich war dieses wichtige	nein								
	Forschungsgebiet, das auf jeden Biologen so große Anziehungskraft ausübt,									
	wie kaum ein anderer Teil seiner Wissenschaft, inzwischen unablässig Gegen-									
	stand emsigster Arbeit.									
										
	Wie die Descendenzlehre	nein								
	überhaupt, ist auch das biogenetische Grundgesetz in neuester Zeit Gegen-									
	stand sachwissenschaftlicher Angriffe.									
										
	Da diese Theorie uns erst den Schlüssel zum Ver-	nein								
	ständnis der Vererbungserscheinungen liefert, und da dieses Verständnis, wie									
	wir sehen werden, auch praktische Bedeutung hat, so muß hier, was es auch									
	koste, der Versuch gemacht werden, eine gemeinverständliche Darstellung der									
	Weismannschen Lehre 1) zu geben, ein Versuch, der fortwährend mit der									
	Schwierigkeit zu kämpfen haben wird, die gebotene Rücksicht auf Kürze mit									
	der nicht minder gebotenen Rücksichtnahme auf Gemeinverständlichkeit zu									
	vereinbaren.									
										
	Dem genialen Bau der Weismannschen Vererbungstheorie liegt die	nein								
	Lehre von der Kontinuität des Keimplasma zugunde.									
										
	Obgleich jedes Id sämtliche zur Entwicklung eines Individuums ge-	nein								
	hörende Anlagen enthält, so ist doch die Prägung eines neuen Individuums									
	nicht einem einzelnen von ihnen anvertraut, sondern wird durch das Zu-									
	sammen- und teilweise auch Entgegenwirken mehrerer Ide von individueller									
	Verschiedenheit bestimmt. Nicht das monarchische Prinzip herrscht hier,									
	sondern es regiert die Resultante aus konkurrierenden Kräften.									
										
S. 41-60										
	Wenn beim einen wie beim andern Elter gelegentlich Keimzellen produziert werden, bei	nein								
	denen die Reduktionsteilung so erfolgt, daß gerade die Ide, welche die betreffenden Vor-									
	fahrendeterminanten, beziehungsweise Gruppen solcher, noch besitzen, sämtlich in der Keim-									
	zelle enthalten sind, und wenn die Amphimixis gerade diese seltenen Keimzellen von beiden									
	Eltern zusammenführt, so kann es — bei alten Rassen allerdings nur dann, wenn dieser									
	Zufall sich mehrmals wiederholt und seine Ergebnisse sich anhäufen — dazu kommen, daß									
	die alten, nicht abgeänderten Determinanten bei der Ontogenese den Sieg über die modernen									
	erringen.									
										
	"""Wenn 2 weiße oder 2 schwarze Tauben gut begründeter Rassen gepaart werden,"	nein								
	so erben die Nachkommen beinahe sicher dieselben Farben; werden aber verschieden									
	gefärbte Taubenrassen gekreuzt, so wirken offenbar die einander entgegengesetzten									
	Kräfte der Vererbung gegeneinander und die — beiden Eltern inhärente —									
	Neigung, schieferblaue, d. h. zur Stammform zurückschlagende Nachkommen zu									
	"erzeugen, gewinnt die Oberhand 2)."""									
										
	Es kann z. B. vorkommen, daß die Determinantenart a in allen oder fast allen	nein								
	väterlichen Iden homodynam ist (a1), während sie in den mütterlichen Iden nur durch eine									
	Minorität (a1) vertreten ist und die große Mehrheit der mütterlichen Ide eine andere									
	Variante (a2) dieser Determinantenart besitzt. Nach erfolgter Amphimixis wird die im									
	mütterlichen Keimplasma dominierende Variante (a2) gegenüber der im väterlichen domi-									
	nierenden (a1) in die Minorität geraten, da die a1 aus den mütterlichen Iden mit den a1									
	aus den väterlichen homodynam sind, während a2 auf der väterlichen Seite keine Bundes-									
	genossen vorfindet, wenn dort alle Ide die Variante a1 haben oder auch, wenn eine kleine									
	Minorität auf der väterlichen Seite zwar nicht a1, aber auch nicht a2, sondern eine									
	Variante a3 besitzt.									
										
	Jede Änderung bereitet sich langer Hand	nein								
	allmählich vor, ehe sie sichtbar wird.									
										
	Sobald									
	aber das Herabsinken einen Punkt erreicht, auf dem die Existenzfähigkeit be-									
	einträchtigt wird, greift die Naturzüchtung ausmerzend wieder ein und ver-	x	greift ausmerzend ein	Naturzüchtung	x	x	x	x	A	ausmerzen wird viel zu oft verwendet, mit Naturzüchtung zusammen A
	hindert dadurch ein weiteres Sinken. Unter Umständen kann sich dieses Aus-									
	merzen auf ganze Stämme und Völker erstrecken, bei Tieren wie bei Menschen.									
										
S. 61-70										
	Die feine Einstellung der Variationen									
	aber wird durch Selektionsvorgänge zwischen den Elementen des									
	Keimes bewirkt, deren Richtung jedoch durch die Personalselektion									
	bestimmt wird, sofern diese entweder die Plus- oder die Minus- 									
	variationen ausmerzt, sobald sie Selektionswert erreichen, und 	nein	ausmerzt							
	dadurch die Keimvariationen der entgegengesetzten Seite zu-									
	treibt.									
										
	Speziell in	nein								
	diesen Fällen waltet diese allerdings glücklicherweise auch trotz unserer Kultur-									
	verhältnisse ihres Amtes, wenn auch sehr viel langsamer, da unter diesen									
	Kulturzuständen auch Personen mit stark psychopathischen Variationen in									
	ziemlich weitem Umfang Existenz und Fortpflanzung gewährleistet werden.									
										
	Nur wenige der dargebotenen Variationsrichtungen werden auf der Bahn	nein								
	liegen, welche die Artentwicklung einschlägt. Den andern wird durch 									
	Personalselektion Einhalt getan.									
										
	Sie									
	leistet aber noch mehr als diese, weil sie das Parallelgehen der Keim- 	nein								
	anlagen mit jeder Nützlichkeitsschwankung erklärt, nicht nur bei aktiver									
	Funktion, sondern auch bei blos passiver Nützlichkeit.									
										
										
S. 71-100										
	Auch läßt er die Frage nicht unbeantwortet, auf welche	nein								
	Weise überhaupt Änderungen der Keime entstehen konnten, und wie sich ihre									
	Zahl ins Endlose vermehren mußte.									
										
	Die Koadaption ist hiebei	nein								
	keineswegs das einzige dunkle Gebiet.									
										
	Daß wir die Vorbedingungen für alle persönlichen Vorzüge mit auf	nein								
	die Welt bringen müssen, und daß unser ganzes Lebensglück weit mehr durch									
	uns angeborene, d. h. ererbte Anlagen bedingt ist als durch irgend etwas									
	anderes, ist keine neue Wahrheit.									
										
	Es ist aber fraglich, ob jene Rassentheoretiker und Rassenpolitiker, die heute	nein								
	die Pfade begehen, welche der mit kühner Phantasie begabte Dichtergelehrte Joseph									
	Arthur Gobineau mit seinem Essai sur l'inégalité des races humaines (4 Bände,									
	Paris 1858-1855)2) eingeschlagen hat, und auf denen ihm zunächst eine Zeit lang niemand									
	zufolgen Neigung zeigte, sich wirklich auf festem wissenschaftlichem Grund bewegen.									
										
	Das hindert	nein								
	aber nicht, daß es überall als vollwertige Münze angenommen wird. Denn es besteht									
	nun einmal das Bedürfnis nach gangbarer Münze.									
										
	Jedenfalls ist die Aufstellung eines in der menschlichen Natur begründeten Sinnes für indi-	nein								
	viduelles Eigentum selbst gegenüber einer befürchteten Torheit eine zu gebrechliche Waffe.									
										
	Kein höheres	nein								Redewendung
	sittliches Bestreben hätte ohne diese Anlage je in uns aufkeimen und Wurzel		 aufkeimen und Wurzel fassen	Anlage						
	fassen können; denn nur dieses instinktive Gefühl der Abhängigkeit von dem									
	Urteil unserer Genossen konnte zu sittlichen Urteilen und in weiterer Ent-									
	wicklung bei vielen Menschen zu der subtilen Bildung eines Gewissens									
	führen.									
										
	Aber das Licht der Selektionstheorie reicht noch weiter.	nein								
										
	ist freilich nicht ganz passend für dieses ewige mörderische Ringen um das	x	endlosen Vernichtungskrieges der Natur	gegen lebende Wesen	x	x	x	x	A	
	Dasein auf einem über die ganze Erde, ihre Meere und ihren Luftkreis									
	ausgedehnten Kriegsschauplatz.									
	Dieser gewaltige Daseinskampf, der den Siegern die Fortdauer in der									
	Nachkommenschaft, den Unterliegenden das Erlöschen ihres Stammes bringt,									
	hatte bis zu Darwin keinen einzigen aufmerksamen Zuschauer gehabt. Seit									
	Darwin hat der Mensch den Vorzug, nicht nur Teilnehmer, sondern auch									
	Beobachter dieses großen Kampfes zu sein.									
	Diese ungewohnte Zuschauerrolle, die uns Darwin verschaffte, wäre									
	ein recht zweifelhafter Gewinn, sofern es sich nur um die ästhetischen Ein-									
	drücke des Erschauten handelt; denn ein Vergnügen ist es kaum, sich die									
	unerbittliche Grausamkeit dieses endlosen Vernichtungskrieges der Natur gegen									
	lebende Wesen und dieser unter sich vor Augen führeu zu lassen.									
										
	„Wir können uns kaum der Annahme entziehen, daß die menschliche Natur . . .	x	fast ganz verstopft	Quelle des Fortschritts	x	x	x	x	B	
	durch Ausscheidung und Auslese einer weiteren tiefen Veränderung unterzogen wird, daß									
	in der Fähigkeit seiner Muskeln und noch mehr in der Denkkraft seines Hirns eine un-									
	geheure Hebung eintreten wird; ja daß sogar besondere soziale Eigenschaften mit Einschluß									
	einer angeborenen Neigung zur Aufnahme sozialer Gebote, ohne die soziales Leben nun									
	einmal unmöglich ist, der physischen Organisation der höchsten Rassen eingeboren werden									
	können - aber ohne Zweifel ist diese besondere Quelle des Fortschritts heute fast ganz									
	verstopft.“									
	Dieser Nachsatz dürfte mit den Vordersätzen nur dann vereinbar sein,	nein								
	wenn Balfour die Möglichkeit im Auge hat, daß diese Quelle in der									
	Zukunft nicht wie heute verstopft sein werde.									
										
S. 101-130										
	Denn selbst wenn sich der Mensch	nein								
	durch die Hunderte von Jahrtausenden hindurch, die hiezu vielleicht nötig wären, ständig									
	den Luxus gestatten könnte, sich eine Eigenschaft anzuzüchten, die ihn im Daseinskampf									
	nicht fördert, so würde ihm doch die hier erforderliche Züchterkenntnis vollständig fehlen,									
	und die Züchtungsversuche müßten vollständig im Dunklen tappen.									
										
	Bei	nein								
	den Neugriechen kommt in Betracht, daß sie nur einen sehr kleinen Bruchteil althellenischen									
	„Blutes“ besitzen; die althellenische Rasse war schon zur Zeit der Völkerwanderung ungemein									
	stark zusammengeschmolzen und dürfte seitdem von der sich besonders stark vermehrenden									
	slavischen Rasse fast ganz überwuchert worden sein.									
										
	Dana1) nennt den Fortschritt in der	nein								
	tierischen Schöpfung von den älteren zu den jüngeren Formen, der aus den									
	steinernen Urkunden der Geologie sich ergibt, geradezu eine fortschreitende									
	Verhirnung („encephalisation“) der animalischen Struktur.									
										
	Sobald die soziale Entwicklung eine so große Bedeutung	nein								
	erreicht hatte, daß nun im Konkurrenzkampf unter den Völkern ihre soziale									
	Veranlagung den Ausschlag gab, habe die Vernunft aufgehört, die beste									
	Waffe im Daseinskampf zu sein, und werde daher nicht mehr gezüchtet.									
										
	Sobald nämlich die ersteren	x			x	x	x	x	B	Daseinskampf in Wagschale fallen hatte Frau Gehring als Metapher markiert. Die Wagschale an sich nein
	sich zu solcher Höhe entwickelt haben, daß sie im Daseinskampfe schwerer in									
	in die Wagschale fallen als die erblichen Werte, hört die Auslese auf, die erb-									
	lichen Fähigkeiten mit der hisherigen Strenge zu kontrollieren, und dieser									
	Grad der Kulturhöhe kann als Grenzlinie zwischen Natur- und Kultur-									
	völkern gelten.									
										
	Sowohl für das Ausleseproblem, wie	nein								
	für die Alkoholfrage ist es wichtig, den Irrtum zu zerstören, daß unsere Vorfahren schon									
	seit der Steinzeit festansäßige Bauern gewesen seien.									
										
	Da bei	nein								
	diesen Haustieren Leben und Fortpflanzung nicht mehr von ihrem scharfen									
	Gesicht abhängen, so ist auch hier das Auge von seiner ursprünglichen Höhe									
	herabgesunken.									
										
	Einen der furchtbarsten Auslesefaktoren, der aber in hohem Grade	nein								
	geeignet ist, das Durchschnittsniveau der generativen Qualität einer Bevölke-									
	rung zu erhöhen, bilden auf tieferen Wirtschaftsstufen die von Zeit zu Zeit									
	wiederkehrenden Perioden großen Nahrungsmangels.									
										
	In vorkulturellen Zeiten, auf tiefer Wirtschaftsstufe, unter strenger	nein								
	Auslese, scheinen in der Regel die hohen Anlagen gezüchtet worden zu sein,									
	die nachher unter günstigen wirtschaftlichen Verhältnissen eine Kulturblüte									
	zur Entfaltung brachten. Während dieser Blüte aber gehen gewöhnlich in-									
	folge von Auslesestörungen jene Anlagen zugrunde, aus denen die Blüte									
	sich entwickelt hatte.									
										
	Ich glaube, daß die lange Zeit der Verfinsterung, unter	nein								
	der Europa geschmachtet hat, zum großen Teil dem Cölibat zu									
	anken ist, welcher den religiösen Orden auferlegt wurde.									
										
	Die soziale	nein								
	Lage der Zeit gestattete feiner gearteten Naturen, die zu Werken									
	der Güte, zum Nachdenken, zur Literatur oder zur Kunst natürliche									
	Anlagen hatten, nur die einzige Zuflucht in den Schoß der Kirche,									
	die aber Ehelosigkeit forderte . . .									
										
	Es waren also mörderische Kriege, die wohl imstande	nein								
	waren, ein Gegengewicht gegen die hohe Fruchtbarkeit unserer germanischen									
	Vorfahren zu bilden und die Volkszahl in den durch die Unterhaltsmittel									
	gegebenen Schranken zu halten.									
										
	Noch heute stellt sich									
	dieser Würgengel mit ungezügelter Schrecklichkeit z. B. bei manchen Neger-	nein								
	völkern zeitweise ein, wie er zweifellos auch unsere Vorfahren in der Urzeit									
	und bekanntlich noch im Mittelalter periodisch heimgesucht hat und selbst in									
	Ländern mit höherer wirtschaftlicher Entwicklung, wie Indien und China,									
	noch heute nicht selten einkehrt.									
										
	Ein ganz ähn-	x	Zügel	der Weltherrschaft	x	x	x	x	B	
	liches Schicksal war alsdann den Römern beschieden, die Zügel der Welt-									
	herrschaft entsanken ihnen, „jüngere“ Völker kamen obenauf. 									
										
	Ein ähnliches Wechselverhältnis muß zwischen der Höhe des mensch-	nein								
	lichen Intellekts und seiner leiblichen Wehrhaftigkeit bestanden haben: Je									
	höher der menschliche Intellekt entwickelt war, um so weniger gaben Muskel-									
	kraft und Schnelligkeit den Ausschlag für die Auslese, desto weniger konnte									
	also große Leistungsfähigkeit auf diesen Gebieten gezüchtet werden, und									
	andererseits mußte gerade das Zurückbleiben in bezug auf solche Vorzüge									
	und die fast gänzliche Waffenlosigkeit des menschlichen Organismus die Ver-									
	vollkommnung seines Intellekts mit Hilfe der Auslese begünstigen.									
										
	Z. B. bei den zerstreut lebenden Germanen hatte, wie O. Seeck1)	nein								
	bemerkt, derjenige die meiste Aussicht auf Rettung, der auf eigene Faust									
	den Feind abzuwehren oder sich der Übermacht auf Schleichwegen zu ent-									
	ziehen verstand; und jeder Zwist, soweit ihn nicht die Familienältesten unter									
	ihren Familiengliedern durch Schiedsspruch gütlich zu schlichten vermochten,									
	wurde nicht auf dem Weg des Rechts, sondern mit den Waffen ausgetragen.									
										
	Es waren also mörderische Kriege, die wohl imstande	nein								
	waren, ein Gegengewicht gegen die hohe Fruchtbarkeit unserer germanischen									
	Vorfahren zu bilden und die Volkszahl in den durch die Unterhaltsmittel									
	gegebenen Schranken zu halten.									
										
	Auch hervorragender Mut, der ohne Zweifel in hohem Maße von den	nein								
	angeborenen psychsischen Eigenschaften abhängt, kommt bei der Wirkung der									
	heutigen Feuerwaffen eher den Mitkämpfenden zugute als denen, die sich									
	besonders kühn den feindlichen Kugeln aussetzen. 									
										
	Dabei ist in Betracht zu ziehen, daß sich	nein								
	dieses Urteil innerhalb gewisser Grenzen nach dem Bedarf an Rekruten									
	richtet2), und der war nach dem Krieg sowohl in Deutschland als in									
	Frankreich außerordentlich groß, da die Reihen derer, die nach dem Friedens-									
	schluß noch zum Dienst unter der Fahne verpflichtet waren, durch den Krieg									
	sich stark gelichtet hatten. 									
										
	Und unter denen,									
	die längere Zeit einem ernstlichen Nahrungsmangel ausgesetzt sind — mag 	nein								
	nun ein Teil der Bevölkerung infolge seiner natürlichen Überlegenheit davon									
	verschont bleiben, oder mag der Mangel sich auf alle erstrecken — werden									
	alle die ausgemerzt werden, deren körperliche Konstitution einer so schweren									
	Probe nicht gewachsen ist. 									
										
	Ein ganz ähn-	nein								
	liches Schicksal war alsdann den Römern beschieden, die Zügel der Welt-									
	herrschaft entsanken ihnen, „jüngere“ Völker kamen obenauf. 									
										
										
S. 131-160										
	In diesem Punkt hat also unsere Kultur die Fähigkeit bewiesen, ein	x								
	fressendes Geschwür am Volkskörper, das sie bewirkt hat, auch wieder zur		ein fressendes Geschwür 	am Volkskörper	x	x	x	x	B	
	Heilung zu bringen.									
										
	Den	nein								
	Vorwurf, durch den außerehelichen Verkehr gegen die Ehrlichkeit zu ver-									
	stoßen, gibt die Jugend, in dem unaustilgbaren Bewußtsein ihres Rechtes,									
	der Gesellschaft zurück, die solche gegen die Instinkte verstoßende Satzungen									
	aufstellt und aufrecht erhält.									
										
	Sie zeigen, welch geringen Einfluß die Anschauungen der Jugend, auch	nein								
	wenn sie die Natur auf ihrer Seite haben, auf die gesellschaftlichen Ein-									
	richtungen und den Inhalt der Sittengebote ausübten.									
										
	Unter Umständen aber geht das Trippergift auf die Gebärmutter-	nein								
	höhle und die Eileiter über und wird dann eine fast unversiegliche Quelle									
	von Leiden.									
										
	Dieser Eifer ist die Nachwirkung des Freuden-	nein								
	taumels, der 1890 beim Bekanntwerden der Kochschen Impfungen gegen									
	Tuberkulose durch die ganze zivilisierte Welt ging, und der darauffolgenden									
	Enttäuschung.									
										
	Und in einem solchen Fall darf wohl auch das gene-	nein	in die Wagschale geworfen	Interesse						
	rative Interesse mit in die Wagschale geworfen werden.									
										
	Aber die	nein								
	Sache liegt anders; denn die Kosten der weitherzigen Berücksichtigung									
	der Interessen des gegenwärtig lebenden Individuums haben die									
	folgenden Generationen zu bezahlen, die in diese Versicherung									
	auf Gegenseitigkeit nicht mit eingeschlossen sind.									
										
S. 161-190										
	Dazu kommt noch, daß sehr wahrscheinlich innerhalb der Klasse	nein								
	der Wohlhabenden gerade die generativ Wertvolleren, wie Gelehrte,									
	Künstler, höhere Beamte, Offiziere, bei den Katholiken selbstverständlich die									
	Geistlichen, sich wiederum schwächer fortpflanzen als die, welche in der Haupt-									
	sache nur die Früchte der sozialen Leistungen anderer genießen und dabei									
	nicht minder wohlhabend sind und werden als ihre begabteren Klassengenossen.									
										
	Sie wird, um nicht	nein								
	dem Untergang entgegenzugehen, selbst dafür sorgen müssen, daß vermeidliche									
	Störungen der natürlichen Auslese beseitigt, unvermeidliche durch bewußte									
	geschlechtliche Auslese ersetzt werden.									
										
	Auch Treitschke	nein								"nein, weil ""genannt"", Rahmen arbeitet nicht mehr eindeutig gegen den Fokus"
	nannte in diesem Sinn die unteren Klassen den Jungbrunnen der Gesellschaft.									
										
	Obiger Einwand ist im Grunde derselbe, mit dem ein Landwirt früher,	nein								
	als man von Agrikulturchemie noch wenig wußte und noch niemand tiefer									
	in die Geschichte des Landbaues eingedrungen war, die Behauptung ab-									
	gefertigt hätte, daß der Boden notwendig an gewissen chemischen Bestand-									
	teilen, die er nicht im Überfluß besitzt, und die zum Getreideanbau unentbehrlich									
	sind, mehr und mehr verarmen müsse, wenn man sie ihm fortwährend ent-									
	ziehe, ohne sie zu ersetzen.									
										
	Der Unterschied ist nur der, daß der Volkskörper	nein								
	jene edleren generativen Werte, die zur Erzeugung und Aufrechterhaltung									
	einer hohen Kultur erforderlich sind, in noch beschränkterem Maße enthält									
	als der Boden irgendwelche zur Getreideerzeugung unentbehrlichen Stoffe,									
	und daß darum ein Raubbau am Boden viel länger ohne auf-									
	fälligen Rückgang des Ergebnisses an Getreide getrieben werden									
	kann als ein Raubbau an Volkskörper hinsichtlich jener edlen									
	generativen Werte.									
										
	Die große Mehrheit des Volkes besteht	nein	Strom des Lebens	Volkes						
	immer aus den Minderwertigen, und doch ersetzt sich der Strom des Lebens in ausge-		Quelle	Volkes						
	dehntem Maße aus dieser Quelle.									
										
	Das Gesetz	x	zum Welken führt	das Gesetz	x	x	x	x	B	Wird mit Pflanze/Blume verglichen die blüht und welkt
	des Blühens selbst ist es, was zum Welken führt									
										
	Und was die Zukunft	nein								Bildhaft (?) Vergleich Uhrwerk mit Leben
	anlangt, so ist zwar dem Leben des Individuums, zufolge seines physiologischen									
	Uhrwerks, eine bestimmte Dauer vorgeschrieben, die nur durch allerlei									
	äußere Störungen — abgekürzt, unter keinen Umständen aber überschritten									
	werden kann. Der innerhalb bestimmter Zeitgrenzen ausnahmslos eintretende									
	Ablauf dieses Uhrwerks bringt dem Individuum den unvermeidlichen Tod.									
										
	Die Karthager	nein								
	hatten aber ihre Handelsnetze nicht nur über unbekannte Küsten ausgespannt, sondern									
	außerdem auch mit Negervölkern im Innern Afrikas mittels Wüstenkarawanen Handels-									
	verkehr gepflogen.									
										
	Die Not, schreibt er, ist die Mutter der Arbeit und diese	nein								
	die Mutter der Kultur									
										
	Im Laufe der Geschichte habe sich der Mittelpunkt der	nein								
	Macht Schritt für Schritt, aber sicher, nach Norden verschoben, in jene									
	rauhen Gegenden, wo der Mensch für die Rivalität des Daseins im harten									
	Kampf mit der Natur „erzogen“ wurde.									
										
191-220										
	Erst wenn das alte Kleid der Gesellschafsverfassung zu eng wird, sinnt man	nein								
	auf technische und Verkehrsfortschritte, entstehen die Impulse zu moralischen und geistigen									
	Fortschritten, die verbesserten Institutionen									
										
	Denn er hat nicht nur, wie häufig irrtümlich	x	seinen Stempel aufgedrückt	Anschauungen und Gefühle des Volkes	x	x	x	x	B	
	angenommen wird, auf die gebildeten Klassen eingewirkt, sondern den An-									
	schauungen und Gefühlen des ganzen Volkes seinen Stempel aufgedrückt									
										
	Das fällt schwer in	nein								
	die generative Wagschale, da, wie dargelegt, Kriege aus den höheren Kultur-									
	stufen der Auslese eine direkt umgekehrte Richtung geben.									
										
	Es geht	nein								
	ein Zug von Barmherzigkeit durch die Einrichtungen dieser Völker.									
										
	Die hohe Wertschätzung welche die (wegen der allzugroßen Zahl der Schrift-	x	entzog Licht und Sonne	anderen Wissenszweigen	x	x	x	x	A	Licht-Metapher eigentlich floskelhaft bis A
	zeichen nicht leicht zu erwerbende) Kenntnis dieser Weisheitsschätze stets									
	genoß, entzog anderen Wissenszweigen Licht und Sonne.									
										
	Neben dem Kaiser und seinen Mandarinen bestand von alters her eine Auf-	nein								
	"sichtsbehörde (Kotao), eine Art von Zensoren, die als ""das Gewissen des"									
	"Staates"" darauf zu sehen hatten, daß im Sinn der alten Gesetze regiert"									
	werde; sie sind dem Kaiser und seinen Räten gegenüber die Vertreter der									
	Staatsidee als Beschützer der Gesetze geehrt vom Volk und gefürchtet von									
	den Beamten.									
										
	Aber dürfen wir vergessen, wie es noch,	nein								
	nicht vor einigen, sondern vor kaum einem Jahrhundert in Europa aussah, welche Höhlen des									
	Elends nicht nur die Gefängnisse für Verbrecher, sondern auch die Schuldgefängnisse und die									
	Hospitäler waren, daß die Tortur in ihren schlimmsten Formen gesetzliche (in China nur									
	faktische und strafbare) Anwendung fand, und daß die von europäischen Richtern ver-									
	hängten Todesstrafen an Entsetzlichkeit alles hinter sich ließen, was die Chinesen je erfunden?									
										
	Ihre Kulturentwicklung zeigte allerdings niemals eine so rasche	x	zeigt eine rasche Gangart	Kulturentwicklung	x	x	x		A	
	Gangart, wie die unserige in den letzten 800 Jahren, seit Beginn der Kreuz-									
	züge, sie stand aber auch nie völlig still und wurde deshalb nicht unpassend									
	mit dem langsamen Fließen eines tiefen und breiten Stromes in ebenem									
	Bette verglichen.									
										
	Diesem steht in der Theorie das Reich des Instinktes gegenüber,	nein	Reich	des Instinktes						nochmal nachschauen
	in welchem alles Tun auf ererbten Trieben beruht.									
										
	Doch sind die Grenzen	nein								
	beider Reiche, die zusammen das Forschungsgebiet der Ethik bilden, im									
	einzelnen nicht genau bestimmbar, und die sozialen Anlagen des									
	Menschen, die vielfach der Erziehung bedürfen, um so wirksam zu werden,									
	wie es bei den anderen Instinkten spontan der Fall ist, gehören, wenn									
	sie ausgebildet sind, beiden Reichen an.									
										
	Denn das Spiel der natürlichen sozialen Zucht-	nein	das Spiel	der sozialen Zuchtwahl						"""Spiel der …"" sagt man oft"
	wahl ist nicht nur ein Vervollkommnungsapparat, sondern									
	auch ein Gericht, das einzige empirisch erkennbare Stück									
	einer sittlichen Weltordnung, die das Vollkommene empor-									
	"hebt und das Verkommene vernichtet"" 1)."									
										
										
S. 221-250										
	"""Immer noch wird"	nein								
	durch die protestantische Lehre jener Grundirrtum fortgepflanzt, daß es nur auf den									
	Glauben ankomme, und daß aus dem Glauben die Werke notwendig folgen müssen.									
										
	Die erste Aufgabe, welche die Natur dem Individuum gestellt hat, und	nein								
	die sie uns durch eingepflanzte Instinkte verkündet, ist die Selbsterhaltung;									
										
	Vor dem Richterstuhl unserer Empfindung ist	nein								
	also Schmerz das einzige Übel, Lust das einzige Gut.									
										
	Und so gelangt der Verstand schließlich	nein								
	zu der Erkenntnis, daß Lust- und Unlustempfindungen nur eine									
	dienende Stellung in unserer leiblichen und seelischen Organi-									
	sation einnehmen, daß sie nichts als wohldressierte Diener der individuellen									
	Selbsterhaltung und beredte Agenten der Fortpflanzung sind, oder mit									
	nüchternen Worten, er erkennt, daß sie als automatische Regulatoren									
	für die verschiedenen Funktionen, die ihrerseits der Erhaltung									
	der Individuen und der Gattung dienen, in die lebendige									
	Maschinerie unseres Leibes eingesetzt sind.									
										
	Es frägt sich nur, ob dieses Produkt	nein								
	künstlicher Züchtung vor dem Richterstuhl der natürlichen Auslese bestehen									
	könnte.									
										
	Aber unsere Kurzsichtigkeit gestattet uns nur, die Richtung zu erkennen,	nein								
	welche die Entwicklungsgeschichte während der für uns einigermaßen über-									
	sehbaren Periode genommen hat, und infolge dieser Orientierung vermögen									
	wir — unter der eigentlich nicht ganz selbstverständlichen Voraussetzung, daß									
	diese Richtung andauern werde — höchstens die nächsten Ziele zu sehen,									
	soweit sie nämlich noch innerhalb unserer geistigen Sehweite und innerhalb									
	des durch unseren organischen Standpunkt bestimmten Horizontes liegen.									
										
	"Dazu verhelfe dir der Garten der Ehe!"""	nein	der Ehe	Garten						man weiß nicht, was dieser Garten nun wirklich ist
										
S. 251-280										
	Bergab geht es bei der genera-	nein								
	tiven Entwicklung allerdings nicht ganz so langsam wie bergauf.									
										
	So dilettantenhafte Vorschläge für eine positive menschliche Zuchtwahl,	nein								
	die alle Schwierigkeiten durch bloßes Ignorieren wegzaubern, sind nur									
	geeignet, den Widerstand seitens der heute herrschenden Anschauungen zu									
	vergrößern, der überwunden werden muß, ehe jene Verbesserungen der mensch-									
	lichen Zuchtwahl verwirklicht werden können, welche im Ernst allein in									
	Betracht kommen.									
										
	So groß, wie manche himmelstürmerische Geister anzunehmen geneigt	nein								
	sind, die nur auf das Ziel ihrer Ideale und nicht auf den Weg und seine									
	Hindernisse sehen, ist die mögliche Geschwindigkeit des Fortschreitens auch									
	auf dem Gebiet der Traditionswerte nicht.									
										
	Die schönste Theorie ist fehlerhaft, wenn sie nicht eine tatsäch-	x	Brücke	zur Verwirklichung	x	x	x	x	B	
	lich gangbare Brücke zur Verwirklichung aufweist oder herstellt.									
										
	Die öffentliche Meinung ist also zum weitaus größten Teil in festen	nein								
	Händen, beinahe so wie die politische und wirtschaftliche Macht.									
										
	Die Aristokratie aber, welche die Klinke	x	Klinke	der Gesetzgebung	x	x	x	x	B	
	der Gesetzgebung in der Hand hatte, benützte sie, um Gesetze zu erlassen,									
	die in schneidendem Widerspruch zu den Interessen der Mehrheit standen									
	und nur ihren Sonderinteressen dienten.									
										
	Ebenso ließen sich in dem industriereichen Belgien die herrschenden Bour-	nein								Ruder nein
	goisparteien, nämlich die sogenannten Liberalen und die sogenannte katholische									
	Partei, die abwechselnd am Ruder waren, erst vor ca. einem Vierteljahrhundert,									
	nachdem gefährliche revolutionäre Bestrebungen beinahe die Oberhand erlangt									
	hatten, dazu herbei, das formelle Verfassungsrecht einigermaßen den tat-									
	sächlichen Verhältnissen anzupassen, und von da erst datieren alle die wirt-									
	schaftlichen Reformen, die neuerdings auch in Belgien eingetreten sind und									
	die vorher vergeblich verlangt worden waren3).									
										
	Die dritte Klasse, der Kern eines jeden Volkes, stellt die Trägheit der	nein	Trägheit	der Materie						was soll das genau sein ??
	Materie dar.									
										
	Napoleon I. war 27 Jahre alt, als er 1796 im Feldzug gegen Italien sein	nein								
	Feldherrngenie im strahlendsten Lichte zeigte und der Kriegskunst neue									
	Bahnen wies.									
										
	Er hatte eine allzu	nein								
	mangelhafte Kenntnis des Terrains, aus dem er operierte, und anstatt seine									
	Wege diesem anzupassen, mutete er den tatsächlichen Verhältnissen zu, sich									
	seinen Plänen anzupassen.									
										
S. 281-317										
	Was den ersten Satz anlangt, so mögen die Fäden, welche die Ver-	x	Fäden vernüpfen	Vergangenheit mit der Gegenwart	x	x	x	x	B	
	gangenheit mit der Gegenwart verknüpfen, unlöslich sein, jedenfalls aber									
	"können sie glücklicherweise nötigenfalls durchschnitten werden; sonst ""erben"									
	"sich Gesetz' und Rechte wie eine ewige Krankheit fort."""									
										
	Auch der Gesetzgeber, der neue	nein								
	Bahnen eröffnen will, muß originell, d. h. mit weisem Vorbedacht									
	"unhistorisch sein."""									
										
	Neue	nein								
	Interessen untergraben das alte Rechtsbewußtsein oder Rechts-									
	gefühl, und wenn die neuen Interessen das Übergewicht erlangt									
	haben, so wiegt auch ihr Rechtsgefühl schwerer als das der alten,									
	und überwindet dessen Widerstand.									
										
	[…] und wie es darum zu jener Zeit, als die Anatomie und	nein								
	Pathologie des menschlichen Körpers noch auf tiefer Stufe standen, mit									
	Recht im allgemeinen für unheilvoll und unstatthaft galt, solche operative									
	Eingriffe zu machen, die eine gewaltige Störung in dem lebendigen Maschinen-									
	werk hervorrufen mußten […]									
										
	Er [der Grundsatz] ist auf geschichtlichem Boden erwachsen und	nein								
	verlangt also, um auf die Gegenwart und Zukunft anwendbar zu sein, die									
	zum Teil sehr schwierige, zum Teil geradezu unmögliche Abwägung der ver-									
	änderten Verhältnisse.									
										
	"""Der politische Körper verwendet in beiden Fällen seine meiste"	nein								Auf was ist Zähne und Krallen bezogen?
	"Kraft auf die Zunahme von Zähnen und Krallen."""									
										
	In Wirklichkeit sind die	nein								
	Argumente, die dieser einst so tiefgründige Autor gegen die Wehrsteuer vorbringt, objektiv									
	so spinnwebartig schwach und logisch so hinfällig, daß sie beinahe mehr für das Problem der									
	physiopsychologischen Individualentwicklung als für die Frage der Wehrsteuer bemerkenswert									
	sind.									
										
	Glücklicherweise hängt	nein								
	jedoch das sittliche Verhalten im großen und ganzen — besondere Fälle sind									
	freilich auszunehmen — viel weniger von der logischen Begründung unserer									
	sittlichen Anschauungen ab, mag diese Begründung eine religiöse oder eine									
	philosophische sein, als vielmehr von Gewohnheit, Beispiel und den im									
	Wirkungskreise, besonders unter den Standesgenossen, herrschenden Ehr-									
	begriffen, die sich durch die konservative Macht der Tradition auch dann									
	noch aufrecht erhalten lassen — allerdings nicht ohne allmähliches Ab-									
	bröckeln — wenn die sittlichen Grundanschauungen eines Teils, ja selbst des									
	größeren Teils, der Standesgenossen ihnen keine weitere Stütze zu gewähren									
	vermöchten.									
										
	"""Solange das Menschengeschlecht seinen Zerstörern größere Bewun-"	nein								
	derung zollen wird als seinen Wohltätern, muß auch der Durst									
	nach Kriegsruhm stets den Fehler der erhabensten Charaktere									
	"bilden"","									
										
	Nur aus ihrer [der sozialen Ideen und Reformen] Ver-	x	Vermählung	[der sozialen Ideen und Reformen]	x	x	x	x	B	2 Rahmen für einen Fokus
	mählung mit dem sozialen Sinn einer Gesellschaft können lebensfähige soziale			mit dem sozialen Sinn einer Gesellschaft						
	Neugestaltungen entstehen.									
										
										
311-340										
	"""Mit je weiterem Blick wir die Stoffwelt zu überschauen lernen, je klarer wir das"	nein								
	wirkliche Verhältnis bemessen, in welchem der Mensch und sein Handeln zu dem harmo-									
	nischen Ganzen steht, umsomehr verzwergt und entkleidet sich unser praktisches Ideal, bis									
	wir die Neigung zu der Frage verspüren, ob ein so vergängliches und bedeutungsloses									
	Ereignis in der allgemeinen Ordnung der Dinge, wie die Schicksale der Menschenrasse es									
	sind, die Sehnsucht und die Gefühle noch befriedigen kann, die groß geworden sind an dem									
	"Glauben an das Ewige und Gott."""									
										
	"Und S. 11: ""Das graue Elend als Massenerscheinung ist ver-"	nein								
	schwunden . . . Von wirklicher Not ist heute weniger zu spüren als vor 50 oder 100									
	"Jahren."" "									
										
	Übrigens haben wir bereits im 9. Kapitel (S. 235-240) gesehen, daß einer-	x	einen Regenbogen zu besteigen	der Versuch	x	x	x	x	A	
	seits die Rechenmanöver, die sich auf das Glück einer Gesellschaft beziehen,									
	mit ebenso unüberwindlichen Schwierigkeiten zu kämpfen haben wie der Ver-									
	such, einen Regenbogen zu besteigen, und daß andererseits von dem Aus-									
	sichtspunkt, den die Descendenztheorie gewährt, wahrnehmbar ist, daß Glücks-									
	empfindungen irgendwelcher Gruppe oder Summe von Personen nicht das									
	Ziel der inneren Politik sein können, sondern ausschließlich die Anpassung									
	an die Bedingungen, von denen für das Gemeinwesen der Sieg									
	im Daseinskampf abhängt.									
										
	Denn wir sind den Naturgesetzen untertan, und	nein								
	die fragen nicht nach unseren Wahnbegriffen.									
										
	Wer dem Volk solche Ratschläge erteilt, der rät ihm zu einem Schmerz-	nein								
	losen Selbstmord, und wer ihm die Mittel dazu in die Hand gibt, ist ihm									
	zum Selbstmord behilflich und macht sich objektiv — bei aller philanthro-									
	pischen Gesinnung — des größten Verbrechens schuldig. 									
										
	Der 'Präventivverkehr' zur Volks-	nein								
	sitte erhoben, würde die Quelle der nationalen Lebenskraft zu ver-									
	"schütten drohen . . . . """									
										
	Es ist klar, daß der Staat an einer möglichst starken Volksver-	nein								
	mehrung, soweit dadurch nicht die Lebenshaltung unter ein ungedeihliches									
	Maß herabgedrückt wird, ein hohes Interesse hat, nicht nur in mili-									
	tärischer, sondern auch in wirtschaftlicher Hinsicht. 									
										
	Zur Zeit sind bei uns die Unterschiede in der Lebens-	nein								
	haltung der verschiedenen Volksklassen noch im Wachsen begriffen, und da									
	diese Besitzklassen nicht durch unübersteigliche Klüfte voneinander getrennt									
	sind, so ist bei jeder — umsomehr, je höher sie schon steht und									
	je ehrgeiziger sie infolgedessen ist — das Bestreben darauf ge-									
	richtet, die nächst höhere Lebenshaltung zu erreichen und zwar									
	auf Kosten der Fortpflanzung, wenn es nicht anders sein kann.									
										
	Sie kann nicht zu weit gehen, denn die nötigen Schranken stellen	nein								
	sich von selbst ein.									
										
	Jedoch niemand, der mit Darwins Theorie im allgemeinen ein-	nein								
	verstanden ist, wird bezweifeln, daß nur die beständige Auslese, die unter									
	den höheren Lebensformen in der Natur sich stets vollzieht, sie zum Fort-									
	schreiten treibt und daß sie ohne diese Auslese rückwärts gehen würden.									
										
341-381										
	Wenn trotzdem die Völker, bei denen auch für die leitenden Personen nur	nein								
	die Monogamie rechtlich giltig war; im allgemeinen zu größerer Blüte									
	gelangten als jene, so ist das vielleicht auch durch die Tatsache zu erklären,									
	daß die Polygynie bei den Machthabern zum Übermaß neigt und ihnen —									
	und durch sie auch ihren Staaten — dann leicht zum Verderben gereicht.									
										
	"""Wir behaupten nicht, daß die Bildung der einzige Faktor sei, der die Geburten-"	nein								
	ziffer verkleinert; sie ist nur einer dieser Faktoren, der, verbunden mit materieller Bequem-									
	lichkeit, mit weniger lebhaften und weniger wahmehmbaren religiösen Gefühlen und mit									
	dem heißen Wunsch, in materieller Beziehung auf einen höheren und besseren Fuß zu									
	kommen, solche intellektuelle und moralische Eigenschaften anhäuft, die für eine hohe Ge-									
	burtenziffer wenig günstig sind . . . . 									
										
	Im Mittelalter suchte man verheerende Volkskrankheiten durch Gebete,	nein								
	Bußübungen und Messen zu bekämpfen, und nur sehr langsam brach sich									
	die Auffassung Bahn, daß die Fürsorge für die Gesundheit der Völker eine									
	öffentliche Angelegenheit sei. 									
										
	Das eine ist eine wirtschaft-									
	liche, das andere eine biologische Unmöglichkeit. Der einzige Weg, der zu	x	reich an dornigen Schwierigkeiten	Schwierigkeiten	x	x	x	x	A	Weg voller Dornen ist eine Redewendung, dornige Schwierigkeiten ist kreativer, dennoch nur A
	nennenswerten Erfolgen führen könnte, wird nicht beliebt, da er noch nie									
	begangen und darum, nur darum, reich an dornigen Schwierigkeiten ist:									
										
	Gelegentlich werfen kleine Zeitungsnotizen kurze Schlaglichter auf dieses traurige	x	werfen kurze Schlaglichter	auf soziale Kapitel	x	x	x	x	A	anstatt Lichter, Schlaglichter
	soziale Kapitel. 									
										
	Da nun	nein								
	besonders der studierenden Jugend zu einem sehr großen, wahrscheinlich zum größeren Teil,									
	der kirchlichreligiöse Glaube offenbar nicht erhalten werden kann, und da auch die rein									
	moralische Begründung des Verbotes, sich schon vor der Ehe geschlechtlich zu betätigen,									
	unter der Voraussetzung, daß dadurch niemand geschädigt wird, auf allzuschwachen Füßen									
	steht, so bleibt nur übrig, der mannbar werdenden Jugend die Gefahr mit dem schicklichen									
	Ernst offen darzulegen. Diese Gefahr dürfte dadurch viel von ihrer Stärke verlieren,									
										
	Zwar wird in keiner Versammlung seitens der Vortragenden versäumt, darauf	nein								
	hinzuweisen, wie überaus häufig diese Krankheiten als stille Morgengabe									
	in die Ehe gebracht werden, und beredt pflegt all das Elend geschildert zu									
	werden, das daraus entspringt. 									
										
	Meine unverhohlene Miß-	nein								
	billigung, die mich schließlich veranlaßte, ihm die Tür zu weisen, hat ihn									
	von der Ausführung seines Vorsatzes nicht abgehalten. 									
										
	So treten sie ungeheilt in die Ehe, wobei sich mancher wohl an	nein								
	die abenteuerliche Hoffnung klammert, auf die eine oder andere Art die									
	Ansteckung seiner Frau vermeiden zu können, eine Hoffnung, die aber regel-									
	mäßig zunichte wird.									
										
	Alle anderen bedürfen in solchem Falle einer äußeren	nein								
	Instanz, die sich dem unheildrohenden Gang der Dinge hemmend									
	in den Weg stellt. 									
										
	Will also die neue Gesellschaft die Kenntnis von der großen Ver-	nein								
	breitung der Geschlechtskrankheiten popularisieren, so wird sie die Eltern									
	sich verlobender und heiratender Mädchen nicht der durch Zerstörung ihrer									
	Unkenntnis entfachten Unruhe hilflos überlassen dürfen.									
										
	Es wird erst einer Veredlung unseres etwas verkrüppelten Patriotismus,	nein								
	d. h. der Liebe zum angestammten Volk, bedürfen, ehe das öffentliche Ge-									
	wissen auch nach dieser Seite hin empfindlicher werden wird. 									
										
	Bis heute kann man allerdings das dickleibigste	nein								
	hygienische Kompendium oder Sammelwerk zur Hand nehmen, ohne darin									
	auch nur eine Andeutung von dem Bewußtsein entdecken zu können, daß									
	mindestens das Studium der menschlichen Zuchtwahlverhältnisse zu den Auf-									
	gaben einer Wissenschaft gehört, die sich mit der Vorbeugung der Krank-									
	heiten zu befassen hat.									
										
	Schwache sollte garnicht erst in die Gesellschaft kommen. Nicht ihre	x	Kriegsruf	Verhütung	x	x	x	x	B	
	"Besserung, sondern die Verhütung ihrer Existenz sollte der Kriegsruf sein."""									
										
	Doch wenn auch nur wenige Menschen die für manche Fortschritte	x	Wurzeln treiben	in den Gefühlsuntergrund	x	x	x	x	A	Wurzel ist keine richtige Metapher, Wurzel treiben und festigen nur A
	wünschenswerte Unabhängigkeit des Urteils von Gefühlen besitzen, so ist es		und sich festigen							
	doch nicht schwer, der Jugend, die noch keine anderen Anschauungen hat,									
	solche neue beizubringen, die dann Wurzeln in den Gefühlsuntergrund treiben									
	und sich da befestigen. Sie würde bei geeigneter Einwirkung Stammbäume									
	und Erbwerte bald schätzen lernen.									
										
	Betreffs der sittlichen Erziehung der Jugend ist darauf hinzuweisen,	nein								
	daß insbesondere das Zentrum und die Partei der Konservativen großes									
	Gewicht auf die religiöse Färbung der Erziehung legen. 									
										
	Statt vorwiegend auf die Selbstsucht zu appellieren und	x	Prüfstein	ihrer breiteten und starken Gemeinsinns	x	x	x	x	B	
	diese zu nähren, sollten die einflußreichen Sozialdemokraten ihre Ziele aus-									
	schließlich durch solche Argumente begründen, mit denen zu beweisen wäre,									
	daß durch die Verwirklichung ihrer Ziele das Gesamtinteresse gefördert									
	würde, und dies müßte auch für sie selbst unablässig den Prüfstein ihrer									
	breiteten und starken Gemeinsinns als Grundlage für die großen									
	Reformen, die sie erstrebt, wenn nicht diese, wie H. Spencer dargetan hat,									
	ganz andere Wirkungen nach sich ziehen sollen, als gedacht wird. 									
										
	Aber nicht nur hinsichtlich des Weges gehen die Anschauungen aus-	nein								
	einander, sondern noch mehr hinsichtlich der letzten Ideale, so sehr, daß es									
	zur Taktik unserer Sozialdemokratie geworden ist, dieses ungeklärte Terrain									
	soviel wie irgend möglich zu meiden. Das aber dürfte bei den Einsichtigeren									
	unter ihnen feststehen, daß Gleichheit des Einkommens, des Ansehens und									
	der Macht undiskutierbare Verzerrungen des Gleichheitsideales sind, welches									
	nur die Beseitigung antisozialer Begünstigungen verlangt, d. h.									
	solcher, die weder in angeborenen Anlagen, noch in persönlich er-									
	worbenen Vorteilen (erworben in einem, jedem unter denselben äußeren									
	Vorbedingungen offenstehenden Wettbewerb) bestehen.									
										
	Wenn									
	es für den Einzelnen kein Ziel des Aufstrebens, keine erreichbare höhere Stellung mehr	nein								
	gibt, so erlahmt alle Energie, versagt aller Wettbewerb; volle soziale Gleichheit wäre der									
	Tod der Gesellschaft. Wenn der Mensch keine Hoffnung mehr hat, seine Lage zu verbessern,									
	"so verdrängt Mutlosigkeit und Indolenz alles Streben."""									
										
	Auch	nein								
	unter der (praktisch unannehmbaren) Voraussetzung allgemein gleichen Ein-									
	kommens und gleicher Rechte würden z. B. immer noch die geschlechtliche									
	Liebe und das Bedürfnis nach Anerkennung bei den Lebensgenossen als									
	mächtige Sporen für die Betätigung der gegebenen Kräfte übrig bleiben.									
										
	"""Kein Zweifel"", schreibt Alb. Schaeffle 1), vorausschickend,"	nein								
	"daß Demokratisierung nicht notwendig Republikanisierung sei, ""die"									
	"Zukunft gehört der Demokratie, in der alten Welt wie in der neuen"","									
	Und Kidd 2) sagt:									
	"""Die geschichtliche Tatsache unserer Zeit, die alle anderen in"									
	den Schatten stellt, ist das Kommen der Demokratie . . . . Die									
	da glauben, durch sie werde statt Ordnung ein Chaos kommen,									
	erfassen die Natur seiner Stärke nicht . . . .									
	und Befürchtungen betreffs der Zukunft der auftretenden Demokratie,									
	die sich auf Vergleiche mit der Vergangenheit gründen, sind un-									
	"zulässig und wertlos . . . ."""									
										
	Ferner wurde ausgeführt, daß der Rückgang	nein								
	der generativen Werte die Aufwärtsbewegung der Kultur zwar nicht sofort									
	aufzuhalten vermag, mit der Zeit aber notwendig auch zu deren Stillstand		Stillstand und Sinken 	Kultur						
	und Sinken führen muß, da die Kulturhöhe innerhalb gewisser Grenzen von									
	der Höhe der generativen Entwicklung abhängig ist. 									
										
	Der Staatsmann, dessen Sinn nicht bloß auf Augenblickserfolge ge-	nein								
	richtet, und dessen Gesichtskreis durch das Licht der Descendenztheorie erhellt									
	und erweitert wäre, würde erkennen, daß die Zukunft seines Volkes von der									
	guten Verwaltung seines generativen Besitzes abhängt, und daß jede Politik,									
	möge ihr Ergebnis zunächst noch so glänzend sein, eine schlechte Politik ist,									
	wenn sie, wie z. B. die Napoleons I. sowie aller nach Kriegsruhm oder									
	entbehrlicher Kriegsbeute strebender Staatslenker, mit einer Mißwirtschaft auf									
	dem Gebiet der generativen Werte verbunden ist. 									
										
	Eine viel spätere Zeit wird dann vielleicht auf Grund der neuen An-	nein								
	schauungen und Wertungen eine neue ethische Theorie anerkennen, deren									
	höchstes Gebot sein wird, die von den Vorfahren geliehenen Erb- und									
	Traditionswerte den Nachfahren mit Zinsen abzufragen.									
